loja;regiao;divisao;centro;uf
00002;NORTE;PROPRIA;CDA;SP
00003;LESTE;PROPRIA;CDM;SP
00006;SUL;PROPRIA;CDA;SP
00009;LESTE;PROPRIA;CDM;SP
00011;NORTE;PROPRIA;CDA;SP
00013;OESTE;PROPRIA;CDI;SP
00014;LESTE;PROPRIA;CDM;SP
00016;ABCDM;FRANQUIA;CDM;SP
00017;NORTE;PROPRIA;CDA;SP
00019;CENTRO;PROPRIA;CDA;SP
00023;LESTE;PROPRIA;CDM;SP
00024;NORTE;FRANQUIA;CDA;SP
00025;INTERIOR;PROPRIA;CDI;SP
00027;NORTE;PROPRIA;CDA;SP
00028;ABCDM;FRANQUIA;CDM;SP
00029;INTERIOR;PROPRIA;CDI;SP
00031;LESTE;PROPRIA;CDM;SP
00033;NORTE;PROPRIA;CDA;SP
00036;LESTE;PROPRIA;CDM;SP
00037;ABCDM;PROPRIA;CDM;SP
00039;NORTE;FRANQUIA;CDA;SP
00040;LESTE;PROPRIA;CDM;SP
00043;LESTE;PROPRIA;CDM;SP
00044;LESTE;PROPRIA;CDM;SP
00051;INTERIOR;FRANQUIA;CDI;SP
00056;LESTE;PROPRIA;CDM;SP
00058;ABCDM;FRANQUIA;CDM;SP
00061;SUL;PROPRIA;CDM;SP
00062;NORTE;FRANQUIA;CDA;SP
00063;LESTE ;PROPRIA;CDM;SP
00064;LESTE;PROPRIA;CDM;SP
00066;INTERIOR;PROPRIA;CDI;SP
00067;LESTE;PROPRIA;CDM;SP
00069;LESTE;PROPRIA;CDM;SP
00070;ABCDM;PROPRIA;CDM;SP
00072;SUL;PROPRIA;CDM;SP
00075;INTERIOR;FRANQUIA;CDI;SP
00077;LESTE;PROPRIA;CDM;SP
00080;LESTE;PROPRIA;CDM;SP
00081;LESTE;PROPRIA;CDM;SP
00082;SUL;PROPRIA;CDA;SP
00085;INTERIOR;FRANQUIA;CDI;SP
00086;LESTE;PROPRIA;CDM;SP
00087;NORTE;PROPRIA;CDA;SP
00088;SUL;FRANQUIA;CDA;SP
00089;SUL;PROPRIA;CDA;SP
00095;NORTE;PROPRIA;CDA;SP
00096;NORTE;FRANQUIA;CDA;SP
00100;OESTE;PROPRIA;CDA;SP
00101;LESTE;PROPRIA;CDM;SP
00103;INTERIOR;PROPRIA;CDI;SP
00106;INTERIOR;PROPRIA;CDR;SP
00109;VALE;PROPRIA;CDM;SP
00110;ABCDM;PROPRIA;CDM;SP
00112;LESTE;PROPRIA;CDM;SP
00117;NORTE;PROPRIA;CDA;SP
00118;LESTE;PROPRIA;CDM;SP
00119;ABCDM;PROPRIA;CDM;SP
00125;LESTE;PROPRIA;CDM;SP
00127;INTERIOR;FRANQUIA;CDI;SP
00129;SUL;FRANQUIA;CDA;SP
00131;NORTE;FRANQUIA;CDA;SP
00133;CENTRO;PROPRIA;CDA;SP
00138;INTERIOR;PROPRIA;CDI;SP
00139;LESTE;PROPRIA;CDM;SP
00141;VALE;PROPRIA;CDM;SP
00142;NORTE;PROPRIA;CDA;SP
00143;LESTE;PROPRIA;CDM;SP
00144;INTERIOR;PROPRIA;CDI;SP
00146;LESTE;PROPRIA;CDM;SP
00148;INTERIOR;PROPRIA;CDI;SP
00149;LESTE;PROPRIA;CDM;SP
00150;LESTE;PROPRIA;CDM;SP
00152;OESTE;PROPRIA;CDA;SP
00154;NORTE;FRANQUIA;CDA;SP
00157;SUL;PROPRIA;CDA;SP
00158;SUL;PROPRIA;CDM;SP
00160;SUL;PROPRIA;CDM;SP
00161;INTERIOR;PROPRIA;CDR;SP
00162;INTERIOR;PROPRIA;CDI;SP
00163;LITORAL;FRANQUIA;CDM;SP
00165;SUL;PROPRIA;CDA;SP
00167;LESTE;PROPRIA;CDM;SP
00168;LESTE;PROPRIA;CDM;SP
00170;SUL;PROPRIA;CDM;SP
00173;GDE. SP;PROPRIA;CDM;SP
00174;LESTE;PROPRIA;CDM;SP
00176;INTERIOR;PROPRIA;CDI;SP
00178;SUL;PROPRIA;CDA;SP
00179;OESTE;PROPRIA;CDA;SP
00181;ABCDM;FRANQUIA;CDM;SP
00184;INTERIOR;PROPRIA;CDI;SP
00185;OESTE;PROPRIA;CDA;SP
00186;INTERIOR;PROPRIA;CDI;SP
00187;NORTE;PROPRIA;CDA;SP
00188;LESTE;PROPRIA;CDM;SP
00189;CENTRO;FRANQUIA;CDA;SP
00191;CENTRO;PROPRIA;CDM;SP
00193;LESTE;FRANQUIA;CDM;SP
00199;VALE;PROPRIA;CDM;SP
00200;SUL;PROPRIA;CDA;SP
00201;NORTE;PROPRIA;CDA;SP
00205;OESTE;FRANQUIA;CDA;SP
00206;OESTE;PROPRIA;CDA;SP
00214;SUL;PROPRIA;CDA;SP
00215;SUL;FRANQUIA;CDA;SP
00218;LESTE;PROPRIA;CDM;SP
00219;SUL;FRANQUIA;CDA;SP
00220;INTERIOR;PROPRIA;CDI;SP
00222;OESTE;PROPRIA;CDA;SP
00223;VALE;FRANQUIA;CDM;SP
00226;OESTE;PROPRIA;CDI;SP
00227;LITORAL;FRANQUIA;CDM;SP
00231;CENTRO;PROPRIA;CDA;SP
00232;LITORAL;PROPRIA;CDM;SP
00234;LITORAL;PROPRIA;CDM;SP
00236;OESTE;FRANQUIA;CDA;SP
00237;VALE;PROPRIA;CDM;SP
00239;NULL;FRANQUIA;CDA;SP
00244;RIBEIRÃO PRETO;PROPRIA;CDR;SP
00251;INTERIOR;PROPRIA;CDI;SP
00253;INTERIOR;PROPRIA;CDI;SP
00255;NULL;PROPRIA;CDR;SP
00256;INTERIOR;PROPRIA;CDI;SP
00259;SUL;PROPRIA;CDA;SP
00260;LITORAL;PROPRIA;CDM;SP
00261;INTERIOR;PROPRIA;CDI;SP
00263;INTERIOR;PROPRIA;CDI;SP
00266;OESTE;PROPRIA;CDA;SP
00267;NULL;PROPRIA;CDA;SP
00269;INTERIOR;PROPRIA;CDR;SP
00270;VALE;FRANQUIA;CDM;SP
00274;SUL;PROPRIA;CDA;SP
00275;INTERIOR;PROPRIA;CDI;SP
00276;INTERIOR;PROPRIA;CDI;SP
00277;INTERIOR;PROPRIA;CDI;SP
00279;RIBEIRÃO PRETO;PROPRIA;CDR;SP
00281;INTERIOR;PROPRIA;CDI;SP
00285;OESTE;PROPRIA;CDA;SP
00288;INTERIOR;PROPRIA;CDI;SP
00289;INTERIOR;PROPRIA;CDI;SP
00290;NORTE;PROPRIA;CDA;SP
00291;VALE;PROPRIA;CDM;SP
00292;SUL;FRANQUIA;CDM;SP
00295;INTERIOR;FRANQUIA;CDI;SP
00296;RIBEIRÃO PRETO;PROPRIA;CDR;SP
00297;RIBEIRÃO PRETO;FRANQUIA;CDR;SP
00299;INTERIOR;PROPRIA;CDI;SP
00300;INTERIOR;PROPRIA;CDI;SP
00301;NORTE;PROPRIA;CDA;SP
00303;INTERIOR;PROPRIA;CDI;SP
00304;INTERIOR;PROPRIA;CDI;SP
00307;INTERIOR;PROPRIA;CDI;SP
00309;ABCDM;FRANQUIA;CDM;SP
00310;SUL;FRANQUIA;CDA;SP
00311;ABCDM;PROPRIA;CDM;SP
00312;SUL;FRANQUIA;CDA;SP
00313;INTERIOR;PROPRIA;CDA;SP
00315;RIBEIRÃO PRETO;FRANQUIA;CDR;SP
00316;RIBEIRÃO PRETO;PROPRIA;CDR;SP
00318;RIBEIRÃO PRETO;PROPRIA;CDR;SP
00319;RIBEIRÃO PRETO;PROPRIA;CDR;SP
00321;VALE;PROPRIA;CDM;SP
00322;INTERIOR;PROPRIA;CDI;SP
00324;INTERIOR;PROPRIA;CDI;SP
00325;INTERIOR;FRANQUIA;CDI;SP
00326;INTERIOR;PROPRIA;CDI;SP
00327;INTERIOR;PROPRIA;CDI;SP
00328;RIBEIRÃO PRETO;PROPRIA;CDR;SP
00329;INTERIOR;PROPRIA;CDI;SP
00330;ABCDM;FRANQUIA;CDM;SP
00333;RIBEIRÃO PRETO;PROPRIA;CDR;SP
00334;INTERIOR;PROPRIA;CDI;SP
00335;RIBEIRÃO PRETO;PROPRIA;CDR;SP
00337;RIBEIRÃO PRETO;FRANQUIA;CDR;SP
00338;INTERIOR;PROPRIA;CDI;SP
00339;INTERIOR;PROPRIA;CDI;SP
00342;INTERIOR;PROPRIA;CDI;SP
00343;VALE;PROPRIA;CDA;SP
00346;RIBEIRÃO PRETO;FRANQUIA;CDR;SP
00348;INTERIOR;PROPRIA;CDR;SP
00350;NORTE;PROPRIA;CDA;SP
00351;RIBEIRÃO PRETO;PROPRIA;CDR;SP
00352;VALE;PROPRIA;CDM;SP
00353;INTERIOR;PROPRIA;CDI;SP
00355;INTERIOR;FRANQUIA;CDI;SP
00356;RIBEIRÃO PRETO;FRANQUIA;CDR;SP
00357;INTERIOR;PROPRIA;CDI;SP
00360;INTERIOR;FRANQUIA;CDI;SP
00362;INTERIOR;PROPRIA;CDA;SP
00363;INTERIOR;PROPRIA;CDI;SP
00364;RIBEIRÃO PRETO;PROPRIA;CDR;SP
00365;INTERIOR;PROPRIA;CDI;SP
00366;LESTE;PROPRIA;CDM;SP
00368;INTERIOR;PROPRIA;CDI;SP
00369;RIBEIRÃO PRETO;PROPRIA;CDR;SP
00370;RIBEIRÃO PRETO;PROPRIA;CDR;SP
00371;INTERIOR;PROPRIA;CDR;SP
00373;INTERIOR;FRANQUIA;CDI;SP
00374;SUL;PROPRIA;CDA;SP
00376;RIBEIRÃO PRETO;PROPRIA;CDR;SP
00377;INTERIOR;PROPRIA;CDI;SP
00380;VALE;PROPRIA;CDM;SP
00381;INTERIOR;FRANQUIA;CDI;SP
00382;INTERIOR;PROPRIA;CDI;SP
00383;INTERIOR;PROPRIA;CDI;SP
00385;INTERIOR;PROPRIA;CDI;SP
00386;SUL;PROPRIA;CDA;SP
00387;SUL;PROPRIA;CDA;SP
00388;LESTE;PROPRIA;CDM;SP
00389;INTERIOR;PROPRIA;CDR;SP
00390;INTERIOR;PROPRIA;CDI;SP
00391;INTERIOR;PROPRIA;CDI;SP
00393;INTERIOR;PROPRIA;CDI;SP
00396;OESTE;FRANQUIA;CDA;SP
00398;RIBEIRÃO PRETO;PROPRIA;CDR;SP
00399;INTERIOR;PROPRIA;CDI;SP
00403;RIBEIRÃO PRETO;PROPRIA;CDR;SP
00404;RIBEIRÃO PRETO;PROPRIA;CDR;SP
00405;RIBEIRÃO PRETO;PROPRIA;CDR;SP
00406;LITORAL;PROPRIA;CDM;SP
00407;LESTE;PROPRIA;CDM;SP
00408;INTERIOR;PROPRIA;CDR;SP
00409;NORTE;PROPRIA;CDA;SP
00411;OESTE;PROPRIA;CDI;SP
00412;ABCDM;PROPRIA;CDM;SP
00413;RIBEIRÃO PRETO;FRANQUIA;CDR;SP
00414;GDE. SP;PROPRIA;CDM;SP
00415;INTERIOR;PROPRIA;CDI;SP
00416;INTERIOR;PROPRIA;CDR;SP
00419;INTERIOR;PROPRIA;CDI;SP
00420;INTERIOR;PROPRIA;CDI;SP
00422;SUL;FRANQUIA;CDA;SP
00424;INTERIOR;PROPRIA;CDI;SP
00425;LITORAL;PROPRIA;CDA;SP
00426;ABCDM;FRANQUIA;CDM;SP
00427;OESTE;PROPRIA;CDA;SP
00428;INTERIOR;PROPRIA;CDI;SP
00429;LITORAL;PROPRIA;CDM;SP
00430;NORTE;PROPRIA;CDA;SP
00432;LESTE;PROPRIA;CDM;SP
00433;GDE. SP;PROPRIA;CDM;SP
00435;VALE;PROPRIA;CDM;SP
00436;LESTE;PROPRIA;CDM;SP
00437;RIBEIRÃO PRETO;PROPRIA;CDR;SP
00438;INTERIOR;PROPRIA;CDI;SP
00439;RIBEIRÃO PRETO;PROPRIA;CDR;SP
00440;INTERIOR;PROPRIA;CDI;SP
00441;OESTE;PROPRIA;CDI;SP
00442;SUL;PROPRIA;CDA;SP
00444;GDE. SP;FRANQUIA;CDM;SP
00445;INTERIOR;PROPRIA;CDI;SP
00447;LESTE;PROPRIA;CDM;SP
00449;GDE. SP;PROPRIA;CDM;SP
00451;INTERIOR;PROPRIA;CDI;SP
00453;RIBEIRÃO PRETO;PROPRIA;CDR;SP
00455;CENTRO;PROPRIA;CDA;SP
00457;CENTRO;PROPRIA;CDA;SP
00459;LITORAL;PROPRIA;CDM;SP
00460;SUL;PROPRIA;CDM;SP
00461;SUL;PROPRIA;CDA;SP
00464;INTERIOR;PROPRIA;CDI;SP
00465;LESTE;FRANQUIA;CDM;SP
00471;INTERIOR;PROPRIA;CDI;SP
00473;INTERIOR;PROPRIA;CDI;SP
00474;INTERIOR;PROPRIA;CDI;SP
00476;INTERIOR;PROPRIA;CDI;SP
00477;INTERIOR;PROPRIA;CDR;SP
00482;INTERIOR;FRANQUIA;CDI;SP
00483;ABCDM;PROPRIA;CDM;SP
00484;INTERIOR;PROPRIA;CDI;SP
00485;ABCDM;PROPRIA;CDM;SP
00486;SUL;PROPRIA;CDA;SP
00487;CENTRO;PROPRIA;CDA;SP
00489;RIBEIRÃO PRETO;PROPRIA;CDR;SP
00491;SUL;PROPRIA;CDM;SP
00492;SUL;PROPRIA;CDM;SP
00493;RIBEIRÃO PRETO;FRANQUIA;CDR;SP
00496;INTERIOR;PROPRIA;CDI;SP
00497;SUL;PROPRIA;CDA;SP
00500;INTERIOR;PROPRIA;CDI;SP
00502;ABCDM;PROPRIA;CDM;SP
00504;CENTRO;PROPRIA;CDA;SP
00505;INTERIOR;PROPRIA;CDI;SP
00506;NORTE;PROPRIA;CDA;SP
00508;LESTE;PROPRIA;CDM;SP
00509;INTERIOR;PROPRIA;CDI;SP
00510;INTERIOR;PROPRIA;CDI;SP
00511;OESTE;PROPRIA;CDA;SP
00512;RIBEIRÃO PRETO;PROPRIA;CDR;SP
00514;VALE;PROPRIA;CDM;SP
00515;ABCDM;PROPRIA;CDM;SP
00516;INTERIOR;PROPRIA;CDI;SP
00517;OESTE;FRANQUIA;CDA;SP
00518;RIBEIRÃO PRETO;PROPRIA;CDR;SP
00520;RIBEIRÃO PRETO;PROPRIA;CDR;SP
00521;CENTRO;PROPRIA;CDA;SP
00522;NORTE;PROPRIA;CDA;SP
00524;CENTRO;PROPRIA;CDA;SP
00526;OESTE;PROPRIA;CDA;SP
00528;INTERIOR;PROPRIA;CDR;SP
00529;INTERIOR;PROPRIA;CDI;SP
00530;CENTRO;PROPRIA;CDM;SP
00531;CENTRO;PROPRIA;CDM;SP
00533;NORTE;PROPRIA;CDA;SP
00534;SUL;PROPRIA;CDA;SP
00538;RIBEIRÃO PRETO;FRANQUIA;CDB;MG
00539;LESTE;PROPRIA;CDM;SP
00540;LESTE;FRANQUIA;CDM;SP
00541;LESTE;PROPRIA;CDM;SP
00542;LESTE;FRANQUIA;CDM;SP
00543;LITORAL;FRANQUIA;CDM;SP
00544;NORTE;PROPRIA;CDA;SP
00545;RIBEIRÃO PRETO;PROPRIA;CDR;SP
00547;INTERIOR;PROPRIA;CDI;SP
00549;SUL;PROPRIA;CDA;SP
00550;LITORAL;PROPRIA;CDM;SP
00551;RIBEIRÃO PRETO;PROPRIA;CDR;SP
00554;SUL;PROPRIA;CDA;SP
00555;SUL;FRANQUIA;CDA;SP
00556;LESTE;FRANQUIA;CDM;SP
00557;INTERIOR;PROPRIA;CDI;SP
00558;RIBEIRÃO PRETO;PROPRIA;CDR;SP
00559;RIBEIRÃO PRETO;PROPRIA;CDR;SP
00562;RIBEIRÃO PRETO;PROPRIA;CDR;SP
00563;SUL;PROPRIA;CDA;SP
00565;RIBEIRÃO PRETO;PROPRIA;CDR;SP
00566;INTERIOR;PROPRIA;CDI;SP
00567;NORTE;FRANQUIA;CDI;SP
00568;INTERIOR;PROPRIA;CDI;SP
00571;RIBEIRÃO PRETO;PROPRIA;CDR;SP
00573;RIBEIRÃO PRETO;PROPRIA;CDR;SP
00574;LITORAL;FRANQUIA;CDM;SP
00575;LESTE;PROPRIA;CDM;SP
00576;RIBEIRÃO PRETO;PROPRIA;CDR;SP
00577;OESTE;PROPRIA;CDI;SP
00579;INTERIOR;FRANQUIA;CDI;SP
00582;LITORAL;PROPRIA;CDM;SP
00584;OESTE;FRANQUIA;CDI;SP
00588;INTERIOR;PROPRIA;CDI;SP
00589;OESTE;PROPRIA;CDA;SP
00590;INTERIOR;PROPRIA;CDI;SP
00591;ABCDM;PROPRIA;CDM;SP
00592;RIBEIRÃO PRETO;PROPRIA;CDR;SP
00593;RIBEIRÃO PRETO;PROPRIA;CDR;SP
00594;INTERIOR;PROPRIA;CDI;SP
00596;RIBEIRÃO PRETO;PROPRIA;CDR;SP
00598;NULL;FRANQUIA;CDI;SP
00599;SUL;PROPRIA;CDM;SP
00601;GDE. POA;PROPRIA;CDNSR;RS
00602;GDE. POA;PROPRIA;CDNSR;RS
00603;GDE. POA;PROPRIA;CDNSR;RS
00604;GDE. POA;PROPRIA;CDNSR;RS
00607;GDE. POA;PROPRIA;CDNSR;RS
00606;GDE. POA;PROPRIA;CDNSR;RS
00608;INTERIOR;PROPRIA;CDNSR;RS
00610;GDE. POA;PROPRIA;CDNSR;RS
00612;GDE. POA;PROPRIA;CDNSR;RS
00614;GDE. POA;PROPRIA;CDNSR;RS
00616;INTERIOR;PROPRIA;CDNSR;RS
00618;INTERIOR;PROPRIA;CDNSR;RS
00620;GDE. POA;PROPRIA;CDNSR;RS
00622;SERRA;PROPRIA;CDNSR;RS
00623;INTERIOR;PROPRIA;CDNSR;RS
00624;SERRA;PROPRIA;CDNSR;RS
00625;INTERIOR;FRANQUIA;CDNSR;RS
00629;GDE. POA;PROPRIA;CDNSR;RS
00630;SERRA;PROPRIA;CDNSR;RS
00631;INTERIOR;PROPRIA;CDNSR;RS
00632;GDE. POA;PROPRIA;CDNSR;RS
00635;GDE. POA;PROPRIA;CDNSR;RS
00637;GDE. POA;PROPRIA;CDNSR;RS
00640;GDE. POA;PROPRIA;CDNSR;RS
00641;INTERIOR;PROPRIA;CDNSR;RS
00642;GDE. POA;PROPRIA;CDNSR;RS
00643;SERRA;PROPRIA;CDNSR;RS
00644;INTERIOR;PROPRIA;CDNSR;RS
00645;GDE. POA;PROPRIA;CDNSR;RS
00647;GDE. POA;PROPRIA;CDNSR;RS
00648;SERRA;FRANQUIA;CDNSR;RS
00649;INTERIOR;PROPRIA;CDNSR;RS
00650;INTERIOR;PROPRIA;CDNSR;RS
00651;INTERIOR;PROPRIA;CDNSR;RS
00652;GDE. POA;PROPRIA;CDNSR;RS
00653;INTERIOR;PROPRIA;CDNSR;RS
00656;INTERIOR;PROPRIA;CDNSR;RS
00658;INTERIOR;PROPRIA;CDNSR;RS
00659;INTERIOR;PROPRIA;CDNSR;RS
00660;INTERIOR;PROPRIA;CDNSR;RS
00661;GDE. POA;FRANQUIA;CDNSR;RS
00663;INTERIOR;PROPRIA;CDNSR;RS
00664;LITORAL;PROPRIA;CDNSR;RS
00665;PORTO ALEGRE;PROPRIA;CDNSR;RS
00667;INTERIOR;FRANQUIA;CDNSR;RS
00668;PORTO ALEGRE;FRANQUIA;CDNSR;RS
00669;INTERIOR;PROPRIA;CDNSR;RS
00671;GDE. POA;PROPRIA;CDNSR;RS
00672;PORTO ALEGRE;PROPRIA;CDNSR;RS
00673;PORTO ALEGRE;PROPRIA;CDNSR;RS
00674;GDE. POA;PROPRIA;CDNSR;RS
00676;PORTO ALEGRE;PROPRIA;CDNSR;RS
00677;INTERIOR;PROPRIA;CDNSR;RS
00678;GDE. POA;PROPRIA;CDNSR;RS
00679;GDE. POA;PROPRIA;CDNSR;RS
00680;GDE. POA;PROPRIA;CDNSR;RS
00681;GDE. POA;PROPRIA;CDNSR;RS
00682;PORTO ALEGRE;PROPRIA;CDNSR;RS
00683;GDE. POA;PROPRIA;CDNSR;RS
00684;PORTO ALEGRE;PROPRIA;CDNSR;RS
00686;PORTO ALEGRE;PROPRIA;CDNSR;RS
00687;PORTO ALEGRE;PROPRIA;CDNSR;RS
00690;PORTO ALEGRE;PROPRIA;CDNSR;RS
00691;GDE. POA;PROPRIA;CDNSR;RS
00692;PORTO ALEGRE;PROPRIA;CDNSR;RS
00693;PORTO ALEGRE;PROPRIA;CDNSR;RS
00694;PORTO ALEGRE;PROPRIA;CDNSR;RS
00695;PORTO ALEGRE;PROPRIA;CDNSR;RS
00696;GDE. POA;PROPRIA;CDNSR;RS
00697;GDE. POA;FRANQUIA;CDNSR;RS
00698;PORTO ALEGRE;PROPRIA;CDNSR;RS
00699;GDE. POA;FRANQUIA;CDNSR;RS
00703;GDE. POA;PROPRIA;CDNSR;RS
00705;GDE. POA;PROPRIA;CDNSR;RS
00708;GDE. POA;PROPRIA;CDNSR;RS
00709;GDE. POA;PROPRIA;CDNSR;RS
00710;GDE. POA;PROPRIA;CDNSR;RS
00713;GDE. POA;PROPRIA;CDNSR;RS
00801;BELO HORIZONTE;PROPRIA;CDB;MG
00804;BELO HORIZONTE;PROPRIA;CDB;MG
00805;BELO HORIZONTE;PROPRIA;CDB;MG
00806;GDE. BH;FRANQUIA;CDB;MG
00807;BELO HORIZONTE;PROPRIA;CDB;MG
00808;BELO HORIZONTE;PROPRIA;CDB;MG
00810;GDE. BH;PROPRIA;CDB;MG
00809;GDE. BH;PROPRIA;CDB;MG
00811;BELO HORIZONTE;PROPRIA;CDB;MG
00816;BELO HORIZONTE;PROPRIA;CDB;MG
00819;BELO HORIZONTE;PROPRIA;CDB;MG
00820;BELO HORIZONTE;PROPRIA;CDB;MG
00822;INTERIOR;PROPRIA;CDB;MG
00825;GDE. BH;PROPRIA;CDB;MG
00827;INTERIOR;PROPRIA;CDB;MG
00828;GDE. BH;PROPRIA;CDB;MG
00829;BELO HORIZONTE;PROPRIA;CDB;MG
00830;BELO HORIZONTE;PROPRIA;CDB;MG
00831;BELO HORIZONTE;PROPRIA;CDB;MG
00832;GDE. BH;PROPRIA;CDB;MG
00833;GDE. BH;PROPRIA;CDB;MG
00835;BELO HORIZONTE;PROPRIA;CDB;MG
00836;BELO HORIZONTE;PROPRIA;CDB;MG
00838;BELO HORIZONTE;PROPRIA;CDB;MG
00839;GDE. BH;PROPRIA;CDB;MG
00840;BELO HORIZONTE;PROPRIA;CDB;MG
00843;GDE. BH;PROPRIA;CDB;MG
00844;BELO HORIZONTE;PROPRIA;CDB;MG
00845;BELO HORIZONTE;PROPRIA;CDB;MG
00846;BELO HORIZONTE;PROPRIA;CDB;MG
00848;BELO HORIZONTE;PROPRIA;CDB;MG
00849;GDE. BH;PROPRIA;CDB;MG
00850;GDE. BH;PROPRIA;CDB;MG
00852;BELO HORIZONTE;PROPRIA;CDB;MG
00853;GDE. BH;PROPRIA;CDB;MG
00854;INTERIOR;PROPRIA;CDB;MG
00855;BELO HORIZONTE;PROPRIA;CDB;MG
00856;BELO HORIZONTE;PROPRIA;CDB;MG
00857;BELO HORIZONTE;PROPRIA;CDB;MG
00858;BELO HORIZONTE;PROPRIA;CDB;MG
00859;BELO HORIZONTE;PROPRIA;CDB;MG
00860;BELO HORIZONTE;PROPRIA;CDB;MG
00862;BELO HORIZONTE;PROPRIA;CDB;MG
00863;GDE. BH;PROPRIA;CDB;MG
00865;BELO HORIZONTE;PROPRIA;CDB;MG
00868;BELO HORIZONTE;PROPRIA;CDB;MG
00869;GDE. BH;PROPRIA;CDB;MG
00870;INTERIOR;PROPRIA;CDB;MG
00873;INTERIOR;PROPRIA;CDB;MG
00875;BELO HORIZONTE;PROPRIA;CDB;MG
00876;BELO HORIZONTE;PROPRIA;CDB;MG
00878;BELO HORIZONTE;PROPRIA;CDB;MG
00879;INTERIOR;PROPRIA;CDB;MG
00881;GDE. BH;PROPRIA;CDB;MG
00882;BELO HORIZONTE;PROPRIA;CDB;MG
00883;BELO HORIZONTE;PROPRIA;CDB;MG
00885;BELO HORIZONTE;PROPRIA;CDB;MG
00886;BELO HORIZONTE;PROPRIA;CDB;MG
00887;INTERIOR;PROPRIA;CDB;MG
00890;BELO HORIZONTE;PROPRIA;CDB;MG
00891;BELO HORIZONTE;PROPRIA;CDB;MG
00892;GDE. BH;PROPRIA;CDB;MG
00893;BELO HORIZONTE;PROPRIA;CDB;MG
00894;BELO HORIZONTE;PROPRIA;CDB;MG
01000;SUL;PROPRIA;CDA;SP
01001;LITORAL;PROPRIA;CDM;SP
01002;RIBEIRÃO PRETO;PROPRIA;CDB;MG
01003;INTERIOR;PROPRIA;CDI;SP
01004;OESTE;PROPRIA;CDA;SP
01005;SUL;PROPRIA;CDA;SP
01006;OESTE;FRANQUIA;CDA;SP
01007;RIBEIRÃO PRETO;PROPRIA;CDR;SP
01008;ABCDM;PROPRIA;CDM;SP
01009;SUL;PROPRIA;CDA;SP
01010;INTERIOR;FRANQUIA;CDI;SP
01011;LESTE;PROPRIA;CDA;SP
01012;CENTRO;PROPRIA;CDA;SP
01014;INTERIOR;PROPRIA;CDI;SP
01015;LITORAL;FRANQUIA;CDM;SP
01017;RIBEIRÃO PRETO;PROPRIA;CDR;SP
01020;SUL;PROPRIA;CDA;SP
01021;SUL;PROPRIA;CDA;SP
01023;INTERIOR;PROPRIA;CDI;SP
01024;OESTE;PROPRIA;CDI;SP
01026;SUL;FRANQUIA;CDA;SP
01027;SUL;PROPRIA;CDA;SP
01028;INTERIOR;PROPRIA;CDI;SP
01029;SUL;PROPRIA;CDA;SP
01030;INTERIOR;PROPRIA;CDI;SP
01031;INTERIOR;PROPRIA;CDI;SP
01032;CENTRO;PROPRIA;CDA;SP
01033;SUL;PROPRIA;CDA;SP
01034;NORTE;PROPRIA;CDA;SP
01035;SUL;PROPRIA;CDA;SP
01036;NORTE;PROPRIA;CDI;SP
01037;SUL;PROPRIA;CDA;SP
01038;NORTE;PROPRIA;CDA;SP
01039;SUL;PROPRIA;CDA;SP
01040;LESTE;PROPRIA;CDM;SP
01041;VALE;PROPRIA;CDM;SP
01042;LITORAL;PROPRIA;CDM;SP
01043;OESTE;PROPRIA;CDA;SP
01044;CENTRO;PROPRIA;CDA;SP
01045;CENTRO;PROPRIA;CDA;SP
01046;ABCDM;PROPRIA;CDM;SP
01047;RIBEIRÃO PRETO;PROPRIA;CDR;SP
01049;VALE;PROPRIA;CDA;SP
01051;SUL;PROPRIA;CDA;SP
01053;INTERIOR;PROPRIA;CDI;SP
01054;LESTE;PROPRIA;CDM;SP
01056;INTERIOR;PROPRIA;CDM;SP
01057;INTERIOR;PROPRIA;CDI;SP
01058;RIBEIRÃO PRETO;FRANQUIA;CDR;SP
01059;OESTE;FRANQUIA;CDA;SP
01060;SUL;PROPRIA;CDA;SP
01061;SUL;PROPRIA;CDA;SP
01062;OESTE;PROPRIA;CDA;SP
01063;OESTE;PROPRIA;CDI;SP
01064;CENTRO;PROPRIA;CDA;SP
01065;RIBEIRÃO PRETO;PROPRIA;CDR;SP
01067;SUL;PROPRIA;CDA;SP
01068;OESTE;PROPRIA;CDA;SP
01069;RIBEIRÃO PRETO;PROPRIA;CDR;SP
01070;SUL;PROPRIA;CDA;SP
01071;ABCDM;PROPRIA;CDM;SP
01073;OESTE;PROPRIA;CDA;SP
01074;INTERIOR;PROPRIA;CDI;SP
01075;RIBEIRÃO PRETO;PROPRIA;CDR;SP
01076;INTERIOR;PROPRIA;CDI;SP
01077;OESTE;FRANQUIA;CDA;SP
01078;ABCDM;PROPRIA;CDM;SP
01079;CENTRO;PROPRIA;CDA;SP
01080;OESTE;PROPRIA;CDA;SP
01081;SUL;PROPRIA;CDA;SP
01082;RIBEIRÃO PRETO;PROPRIA;CDR;SP
01088;OESTE;PROPRIA;CDA;SP
01089;ABCDM;PROPRIA;CDM;SP
01091;CENTRO;PROPRIA;CDA;SP
01092;INTERIOR;FRANQUIA;CDM;SP
01093;OESTE;PROPRIA;CDA;SP
01094;SUL;PROPRIA;CDA;SP
01095;NORTE;PROPRIA;CDA;SP
01096;OESTE;PROPRIA;CDA;SP
01097;SUL;PROPRIA;CDA;SP
01098;LESTE;PROPRIA;CDM;SP
01099;RIBEIRÃO PRETO;PROPRIA;CDR;SP
01100;SUL;PROPRIA;CDA;SP
01101;NORTE;PROPRIA;CDM;SP
01102;RIBEIRÃO PRETO;PROPRIA;CDR;SP
01103;CENTRO;PROPRIA;CDA;SP
01104;LESTE;PROPRIA;CDM;SP
01105;OESTE;PROPRIA;CDA;SP
01106;CENTRO;PROPRIA;CDA;SP
01108;INTERIOR;PROPRIA;CDI;SP
01109;INTERIOR;PROPRIA;CDI;SP
01110;ABCDM;PROPRIA;CDM;SP
01111;OESTE;PROPRIA;CDI;SP
01112;OESTE;FRANQUIA;CDI;SP
01114;SUL;PROPRIA;CDM;SP
01116;INTERIOR;PROPRIA;CDI;SP
01117;SUL;PROPRIA;CDM;SP
01118;INTERIOR;PROPRIA;CDI;SP
01119;RIBEIRÃO PRETO;PROPRIA;CDR;SP
01120;OESTE;PROPRIA;CDA;SP
01121;INTERIOR;PROPRIA;CDI;SP
01122;INTERIOR;PROPRIA;CDI;SP
01124;RIBEIRÃO PRETO;PROPRIA;CDR;SP
01125;RIBEIRÃO PRETO;PROPRIA;CDR;SP
01126;SUL;PROPRIA;CDA;SP
01128;NORTE;PROPRIA;CDA;SP
01129;NULL;PROPRIA;CDA;SP
01131;CENTRO;PROPRIA;CDA;SP
01130;INTERIOR;PROPRIA;CDI;SP
01132;INTERIOR;PROPRIA;CDI;SP
01133;RIBEIRÃO PRETO;PROPRIA;CDR;SP
01134;LESTE;PROPRIA;CDM;SP
01136;SUL;PROPRIA;CDA;SP
01139;CENTRO;PROPRIA;CDA;SP
01140;CENTRO;PROPRIA;CDA;SP
01141;CENTRO;PROPRIA;CDA;SP
01142;ABCDM;PROPRIA;CDM;SP
01143;OESTE;PROPRIA;CDA;SP
01145;RIBEIRÃO PRETO;PROPRIA;CDR;SP
01146;RIBEIRÃO PRETO;PROPRIA;CDR;SP
01147;INTERIOR;PROPRIA;CDI;SP
01148;INTERIOR;PROPRIA;CDI;SP
01149;LITORAL;PROPRIA;CDM;SP
01150;INTERIOR;PROPRIA;CDI;SP
01152;OESTE;PROPRIA;CDI;SP
01153;OESTE;PROPRIA;CDA;SP
01154;SUL;PROPRIA;CDA;SP
01155;SUL;PROPRIA;CDA;SP
01156;OESTE;PROPRIA;CDA;SP
01159;RIBEIRÃO PRETO;PROPRIA;CDR;SP
01162;NULL;PROPRIA;CDI;SP
01166;NULL;PROPRIA;CDI;SP
01167;NORTE;PROPRIA;CDA;SP
01168;NULL;PROPRIA;CDM;SP
03338;RIBEIRÃO PRETO;FRANQUIA;CDR;SP
03343;SUL;FRANQUIA;CDA;SP
03344;RIBEIRÃO PRETO;FRANQUIA;CDR;SP
03346;OESTE;FRANQUIA;CDA;SP
03349;RIBEIRÃO PRETO;FRANQUIA;CDR;SP
03351;NORTE;FRANQUIA;CDA;SP
03353;INTERIOR;FRANQUIA;CDI;SP
03356;SUL;FRANQUIA;CDM;SP
03382;RIBEIRÃO PRETO;FRANQUIA;CDR;SP
03388;VALE;FRANQUIA;CDM;SP
03389;LITORAL;FRANQUIA;CDM;SP
03390;VALE;FRANQUIA;CDM;SP
03391;LITORAL;FRANQUIA;CDM;SP
03393;LESTE;FRANQUIA;CDA;SP
03394;SUL;FRANQUIA;CDA;SP
03395;LESTE;FRANQUIA;CDA;SP
03398;SUL;FRANQUIA;CDA;SP
03400;LESTE;FRANQUIA;CDM;SP
03401;RIBEIRÃO PRETO;FRANQUIA;CDR;SP
03403;LITORAL;FRANQUIA;CDM;SP
03404;INTERIOR;FRANQUIA;CDI;SP
03407;RIBEIRÃO PRETO;FRANQUIA;CDR;SP
03408;SUL;FRANQUIA;CDA;SP
03412;OESTE;FRANQUIA;CDI;SP
03417;RIBEIRÃO PRETO;FRANQUIA;CDR;SP
03418;SUL;FRANQUIA;CDA;SP
03419;RIBEIRÃO PRETO;FRANQUIA;CDR;SP
03422;RIBEIRÃO PRETO;FRANQUIA;CDR;SP
03430;OESTE;FRANQUIA;CDI;SP
03431;SUL;FRANQUIA;CDA;SP
03433;NORTE;FRANQUIA;CDA;SP
03434;NORTE;FRANQUIA;CDA;SP
03435;NORTE;FRANQUIA;CDA;SP
03436;NORTE;FRANQUIA;CDA;SP
03437;RIBEIRÃO PRETO;FRANQUIA;CDR;SP
03438;SUL;FRANQUIA;CDA;SP
03440;INTERIOR;FRANQUIA;CDR;SP
03444;RIBEIRÃO PRETO;FRANQUIA;CDR;SP
03445;OESTE;FRANQUIA;CDA;SP
03447;OESTE;FRANQUIA;CDA;SP
03450;OESTE;FRANQUIA;CDI;SP
03451;INTERIOR;FRANQUIA;CDI;SP
03452;OESTE;FRANQUIA;CDA;SP
03458;LESTE;FRANQUIA;CDM;SP
03459;NORTE;FRANQUIA;CDA;SP
03464;LITORAL;FRANQUIA;CDM;SP
03471;NORTE;FRANQUIA;CDA;SP
03472;INTERIOR;FRANQUIA;CDI;SP
03473;RIBEIRÃO PRETO;FRANQUIA;CDR;SP
03475;SUL;FRANQUIA;CDA;SP
03477;RIBEIRÃO PRETO;FRANQUIA;CDR;SP
03478;RIBEIRÃO PRETO;FRANQUIA;CDR;SP
03481;OESTE;FRANQUIA;CDA;SP
03482;RIBEIRÃO PRETO;FRANQUIA;CDR;SP
03483;SUL;FRANQUIA;CDA;SP
03486;INTERIOR;FRANQUIA;CDI;SP
03488;INTERIOR;FRANQUIA;CDI;SP
03489;RIBEIRÃO PRETO;FRANQUIA;CDR;SP
03490;SUL;FRANQUIA;CDA;SP
03497;INTERIOR;FRANQUIA;CDI;SP
03505;RIBEIRÃO PRETO;FRANQUIA;CDR;SP
03517;LITORAL;FRANQUIA;CDM;SP
03521;RIBEIRÃO PRETO;FRANQUIA;CDR;SP
03523;INTERIOR;FRANQUIA;CDI;SP
03524;RIBEIRÃO PRETO;FRANQUIA;CDR;SP
03530;INTERIOR;FRANQUIA;CDI;SP
03532;INTERIOR;FRANQUIA;CDI;SP
03535;NORTE;FRANQUIA;CDA;SP
03541;VALE;FRANQUIA;CDM;SP
07008;BELO HORIZONTE;FRANQUIA;CDB;MG
07009;BELO HORIZONTE;FRANQUIA;CDB;MG
07010;BELO HORIZONTE;FRANQUIA;CDB;MG
07032;GDE. BH;FRANQUIA;CDB;MG
07033;BELO HORIZONTE;FRANQUIA;CDB;MG
07038;BELO HORIZONTE;FRANQUIA;CDB;MG
07039;GDE. BH;FRANQUIA;CDB;MG
07040;GDE. BH;FRANQUIA;CDB;MG
07046;INTERIOR;FRANQUIA;CDB;MG
07050;GDE. BH;FRANQUIA;CDB;MG
07052;GDE. BH;FRANQUIA;CDB;MG
07053;BELO HORIZONTE;FRANQUIA;CDB;MG
07054;BELO HORIZONTE;FRANQUIA;CDB;MG
07059;BELO HORIZONTE;FRANQUIA;CDB;MG
07066;INTERIOR;FRANQUIA;CDB;MG
07085;BELO HORIZONTE;FRANQUIA;CDB;MG
07087;BELO HORIZONTE;FRANQUIA;CDB;MG
07088;BELO HORIZONTE;FRANQUIA;CDB;MG
07095;BELO HORIZONTE;FRANQUIA;CDB;MG
08003;GDE. POA;FRANQUIA;CDNSR;RS
08035;GDE. POA;FRANQUIA;CDNSR;RS
08056;INTERIOR;FRANQUIA;CDNSR;RS
08057;SERRA;FRANQUIA;CDNSR;RS
08058;LITORAL;FRANQUIA;CDNSR;RS
08082;INTERIOR;FRANQUIA;CDNSR;RS
08084;GDE. POA;FRANQUIA;CDNSR;RS
08085;LITORAL;FRANQUIA;CDNSR;RS
08086;INTERIOR;FRANQUIA;CDNSR;RS
08110;SERRA;FRANQUIA;CDNSR;RS
08143;SERRA ;FRANQUIA;CDNSR;RS
08144;INTERIOR;FRANQUIA;CDNSR;RS
09012;INTERIOR;FRANQUIA;CDI;SP
09027;INTERIOR;FRANQUIA;CDI;SP
09030;INTERIOR;FRANQUIA;CDI;SP
09049;LITORAL;FRANQUIA;CDM;SP
09055;OESTE;FRANQUIA;CDA;SP
09058;LITORAL;FRANQUIA;CDM;SP
09061;ABCDM;FRANQUIA;CDM;SP
09062;LITORAL;FRANQUIA;CDM;SP
09064;INTERIOR;FRANQUIA;CDI;SP
09066;LITORAL;FRANQUIA;CDM;SP
09070;CENTRO;FRANQUIA;CDM;SP
09071;LESTE;FRANQUIA;CDM;SP
09088;INTERIOR;FRANQUIA;CDI;SP
09090;LITORAL;FRANQUIA;CDM;SP
09099;RIBEIRÃO PRETO;FRANQUIA;CDR;SP
09110;VALE;FRANQUIA;CDM;SP
09111;ABCDM;FRANQUIA;CDM;SP
09116;ABCDM;FRANQUIA;CDM;SP
09119;LITORAL;FRANQUIA;CDM;SP
09120;LITORAL;FRANQUIA;CDM;SP
09122;INTERIOR;FRANQUIA;CDI;SP
09125;RIBEIRÃO PRETO;FRANQUIA;CDR;SP
09129;ABCDM;FRANQUIA;CDM;SP
09132;ABCDM;FRANQUIA;CDM;SP
09136;SUL;FRANQUIA;CDM;SP
09142;RIBEIRÃO PRETO;FRANQUIA;CDR;SP
09144;OESTE;FRANQUIA;CDA;SP
09146;LITORAL;FRANQUIA;CDM;SP
09147;RIBEIRÃO PRETO;FRANQUIA;CDR;SP
09149;LITORAL;FRANQUIA;CDM;SP
09151;RIBEIRÃO PRETO;FRANQUIA;CDR;SP
09163;SUL;FRANQUIA;CDA;SP
09164;INTERIOR;FRANQUIA;CDI;SP
09165;ABCDM;FRANQUIA;CDM;SP
09166;ABCDM;FRANQUIA;CDM;SP
09169;INTERIOR;FRANQUIA;CDI;SP
09170;ABCDM;FRANQUIA;CDM;SP
09171;INTERIOR;FRANQUIA;CDI;SP
09172;ABCDM;FRANQUIA;CDM;SP
09173;INTERIOR;FRANQUIA;CDI;SP
09177;INTERIOR;FRANQUIA;CDI;SP
09178;VALE;FRANQUIA;CDM;SP
09179;OESTE;FRANQUIA;CDA;SP
09180;LESTE;FRANQUIA;CDM;SP
09183;OESTE;FRANQUIA;CDA;SP
09186;NORTE;FRANQUIA;CDA;SP
09187;INTERIOR;FRANQUIA;CDI;SP
09188;ABCDM;FRANQUIA;CDM;SP
09190;INTERIOR;FRANQUIA;CDI;SP
09191;LESTE;FRANQUIA;CDM;SP
09196;ABCDM;FRANQUIA;CDM;SP
09200;ABCDM;FRANQUIA;CDM;SP
09204;LITORAL;FRANQUIA;CDM;SP
09209;VALE;FRANQUIA;CDM;SP
09218;INTERIOR;FRANQUIA;CDI;SP
09220;INTERIOR;FRANQUIA;CDI;SP
09226;SUL;FRANQUIA;CDA;SP
09230;VALE;FRANQUIA;CDM;SP
09234;VALE;FRANQUIA;CDM;SP
09247;SUL;FRANQUIA;CDM;SP
09259;INTERIOR;FRANQUIA;CDI;SP
09261;ABCDM;FRANQUIA;CDM;SP
09267;ABCDM;FRANQUIA;CDM;SP
09268;VALE;FRANQUIA;CDM;SP
09269;SUL;FRANQUIA;CDM;SP
09274;INTERIOR;FRANQUIA;CDI;SP
09276;INTERIOR;FRANQUIA;CDI;SP
09287;VALE;FRANQUIA;CDM;SP
09289;INTERIOR;FRANQUIA;CDI;SP
09290;LITORAL;FRANQUIA;CDM;SP
09297;SUL;FRANQUIA;CDA;SP
09302;INTERIOR;FRANQUIA;CDR;SP
09310;LITORAL;FRANQUIA;CDM;SP
09313;INTERIOR;FRANQUIA;CDI;SP
09315;ABCDM;FRANQUIA;CDM;SP
09319;CENTRO;FRANQUIA;CDA;SP
09320;LITORAL;FRANQUIA;CDM;SP
09322;VALE;FRANQUIA;CDM;SP
09324;VALE;FRANQUIA;CDM;SP
09327;LESTE;FRANQUIA;CDM;SP
09341;RIBEIRÃO PRETO;FRANQUIA;CDR;SP
09351;VALE;FRANQUIA;CDA;SP
09374;SUL;FRANQUIA;CDM;SP
09376;VALE;FRANQUIA;CDA;SP
09382;INTERIOR;FRANQUIA;CDI;SP
09383;SUL;FRANQUIA;CDA;SP
09385;RIBEIRÃO PRETO;FRANQUIA;CDR;SP
09386;OESTE;FRANQUIA;CDA;SP
09394;INTERIOR;FRANQUIA;CDI;SP
09400;SUL;FRANQUIA;CDM;SP
09403;LESTE;FRANQUIA;CDM;SP
09408;OESTE;FRANQUIA;CDA;SP
09410;INTERIOR;FRANQUIA;CDI;SP
09411;OESTE;FRANQUIA;CDA;SP
09417;NORTE;FRANQUIA;CDA;SP
09418;SUL;FRANQUIA;CDM;SP
09420;ABCDM;FRANQUIA;CDM;SP
09425;RIBEIRÃO PRETO;FRANQUIA;CDR;SP
09427;SUL;FRANQUIA;CDM;SP
09428;LESTE;FRANQUIA;CDM;SP
09431;NORTE;FRANQUIA;CDA;SP
09432;NORTE;FRANQUIA;CDA;SP
09433;SUL;FRANQUIA;CDA;SP
09435;LITORAL;FRANQUIA;CDM;SP
09436;RIBEIRÃO PRETO;FRANQUIA;CDR;SP
09437;LESTE;FRANQUIA;CDM;SP
09438;LESTE;FRANQUIA;CDM;SP
09439;INTERIOR;FRANQUIA;CDI;SP
09442;ABCDM;FRANQUIA;CDM;SP
09450;LESTE;FRANQUIA;CDM;SP
09454;LESTE;FRANQUIA;CDM;SP
09471;INTERIOR;FRANQUIA;CDI;SP
09476;LESTE;FRANQUIA;CDM;SP
09486;ABCDM;FRANQUIA;CDM;SP
09490;LITORAL;FRANQUIA;CDM;SP
09515;NORTE;FRANQUIA;CDA;SP
09518;LESTE;FRANQUIA;CDM;SP
09521;INTERIOR;FRANQUIA;CDR;SP
09525;RIBEIRÃO PRETO;FRANQUIA;CDR;SP
09528;VALE;FRANQUIA;CDM;SP
09530;ABCDM;FRANQUIA;CDM;SP
09531;INTERIOR;FRANQUIA;CDI;SP
09537;OESTE;FRANQUIA;CDA;SP
09538;SUL;FRANQUIA;CDA;SP
09539;SUL;FRANQUIA;CDM;SP
09540;INTERIOR;FRANQUIA;CDI;SP
09555;INTERIOR;FRANQUIA;CDI;SP
09560;INTERIOR;FRANQUIA;CDI;SP
09567;NORTE;FRANQUIA;CDA;SP
09574;ABCDM;FRANQUIA;CDM;SP
09586;VALE;FRANQUIA;CDM;SP
09588;RIBEIRÃO PRETO;FRANQUIA;CDR;SP
09596;INTERIOR;FRANQUIA;CDI;SP
09624;SUL;FRANQUIA;CDA;SP
09632;ABCDM;FRANQUIA;CDM;SP
09635;RIBEIRÃO PRETO;FRANQUIA;CDR;SP
09646;INTERIOR;FRANQUIA;CDI;SP
09651;OESTE;FRANQUIA;CDA;SP
09665;VALE;FRANQUIA;CDM;SP
09666;RIBEIRÃO PRETO;FRANQUIA;CDR;SP
09669;SUL;FRANQUIA;CDM;SP
09670;NORTE;FRANQUIA;CDA;SP
09685;INTERIOR;FRANQUIA;CDI;SP
09686;NORTE;FRANQUIA;CDA;SP
09694;INTERIOR;FRANQUIA;CDI;SP
09701;LITORAL;FRANQUIA;CDM;SP
09706;OESTE;FRANQUIA;CDA;SP
09713;SUL;FRANQUIA;CDA;SP
09731;LITORAL;FRANQUIA;CDM;SP
09739;LESTE;FRANQUIA;CDM;SP
09740;INTERIOR;FRANQUIA;CDI;SP
09742;INTERIOR;FRANQUIA;CDI;SP
09743;OESTE;FRANQUIA;CDA;SP
09747;VALE;FRANQUIA;CDM;SP
09749;RIBEIRÃO PRETO;FRANQUIA;CDR;SP
09751;INTERIOR;FRANQUIA;CDI;SP
09762;LITORAL;FRANQUIA;CDM;SP
09766;RIBEIRÃO PRETO;FRANQUIA;CDR;SP
09768;INTERIOR;FRANQUIA;CDR;SP
09769;SUL;FRANQUIA;CDA;SP
09772;OESTE;FRANQUIA;CDA;SP
09773;RIBEIRÃO PRETO;FRANQUIA;CDR;SP
09774;ABCDM;FRANQUIA;CDM;SP
09775;INTERIOR;FRANQUIA;CDI;SP
09778;LITORAL;FRANQUIA;CDM;SP
09785;SUL;FRANQUIA;CDM;SP
09787;SUL;FRANQUIA;CDM;SP
09790;SUL;FRANQUIA;CDA;SP
09793;NORTE;FRANQUIA;CDA;SP
09795;SUL;FRANQUIA;CDM;SP
09797;RIBEIRÃO PRETO;FRANQUIA;CDR;SP
09798;RIBEIRÃO PRETO;FRANQUIA;CDR;SP
09802;CENTRO;FRANQUIA;CDA;SP
09805;INTERIOR;FRANQUIA;CDI;SP
09806;LESTE;FRANQUIA;CDM;SP
09807;SUL;FRANQUIA;CDM;SP
09817;VALE;FRANQUIA;CDM;SP
09821;INTERIOR;FRANQUIA;CDI;SP
09824;RIBEIRÃO PRETO;FRANQUIA;CDR;SP
09825;ABCDM;FRANQUIA;CDM;SP
09830;VALE;FRANQUIA;CDM;SP
09835;INTERIOR;FRANQUIA;CDI;SP
09836;SUL;FRANQUIA;CDM;SP
09837;VALE;FRANQUIA;CDA;SP
09844;ABCDM;FRANQUIA;CDM;SP
09848;NORTE;FRANQUIA;CDA;SP
09850;OESTE;FRANQUIA;CDA;SP
09863;OESTE;FRANQUIA;CDA;SP
09877;RIBEIRÃO PRETO;FRANQUIA;CDR;SP
09878;OESTE;FRANQUIA;CDA;SP
09888;CENTRO;FRANQUIA;CDA;SP
09890;SUL;FRANQUIA;CDA;SP
09895;SUL;FRANQUIA;CDA;SP
09898;VALE;FRANQUIA;CDM;SP
09903;SUL;FRANQUIA;CDA;SP
09904;SUL;FRANQUIA;CDA;SP
09905;OESTE;FRANQUIA;CDA;SP
09907;SUL;FRANQUIA;CDM;SP
09911;SUL;FRANQUIA;CDA;SP
09912;SUL;FRANQUIA;CDA;SP
09917;RIBEIRÃO PRETO;FRANQUIA;CDR;SP
09918;RIBEIRÃO PRETO;FRANQUIA;CDR;SP
09919;RIBEIRÃO PRETO;FRANQUIA;CDR;SP
09920;NORTE;FRANQUIA;CDA;SP
09921;INTERIOR;FRANQUIA;CDI;SP
09923;SUL;FRANQUIA;CDA;SP
09924;LITORAL;FRANQUIA;CDM;SP
09925;INTERIOR;FRANQUIA;CDI;SP
09928;INTERIOR;FRANQUIA;CDI;SP
09936;LITORAL;FRANQUIA;CDM;SP
09937;SUL;FRANQUIA;CDA;SP
09938;RIBEIRÃO PRETO;FRANQUIA;CDR;SP
09947;OESTE;FRANQUIA;CDA;SP
09950;INTERIOR;FRANQUIA;CDI;SP
09952;CENTRO;FRANQUIA;CDA;SP
09958;RIBEIRÃO PRETO;FRANQUIA;CDR;SP
09959;LITORAL;FRANQUIA;CDM;SP
09960;NORTE;FRANQUIA;CDA;SP
09961;INTERIOR;FRANQUIA;CDI;SP
00874;BELO HORIZONTE;PROPRIA;CDB;MG
03373;ABCDM;FRANQUIA;CDM;SP
03420;INTERIOR;FRANQUIA;CDI;SP
03439;INTERIOR;FRANQUIA;CDI;SP
03446;LESTE;FRANQUIA;CDM;SP
03448;INTERIOR;FRANQUIA;CDI;SP
03455;INTERIOR;FRANQUIA;CDI;SP
03460;INTERIOR;FRANQUIA;CDI;SP
03501;VALE;FRANQUIA;CDM;SP
03533;RIBEIRÃO PRETO;FRANQUIA;CDR;SP
07058;BELO HORIZONTE;FRANQUIA;CDB;MG
07072;BELO HORIZONTE;FRANQUIA;CDB;MG
07091;BELO HORIZONTE;FRANQUIA;CDB;MG
08034;INTERIOR;FRANQUIA;CDNSR;RS
08114;INTERIOR;FRANQUIA;CDNSR;RS
09176;LESTE;FRANQUIA;CDM;SP
09197;ABCDM;FRANQUIA;CDM;SP
09278;INTERIOR;FRANQUIA;CDI;SP
09284;LITORAL;FRANQUIA;CDM;SP
09299;INTERIOR;FRANQUIA;CDI;SP
09384;RIBEIRÃO PRETO;FRANQUIA;CDR;SP
09399;SUL;FRANQUIA;CDM;SP
09419;LESTE;FRANQUIA;CDM;SP
09481;LITORAL;FRANQUIA;CDM;SP
09548;INTERIOR;FRANQUIA;CDI;SP
09558;INTERIOR;FRANQUIA;CDI;SP
09559;INTERIOR;FRANQUIA;CDI;SP
09564;NORTE;FRANQUIA;CDA;SP
09570;INTERIOR;FRANQUIA;CDI;SP
09577;LESTE;FRANQUIA;CDG;SP
09625;INTERIOR;FRANQUIA;CDI;SP
09678;OESTE;FRANQUIA;CDA;SP
09786;LESTE;FRANQUIA;CDM;SP
09813;LESTE;FRANQUIA;CDM;SP
09834;INTERIOR;FRANQUIA;CDI;SP
09860;INTERIOR;FRANQUIA;CDI;SP
09909;VALE;FRANQUIA;CDM;SP
09926;INTERIOR;FRANQUIA;CDI;SP
09941;INTERIOR;FRANQUIA;CDI;SP